,A,B,C,D
2000-01-01,1.8947982805924162,0.79131355115608,0.26915342315054414,-1.2444150551278932
2000-01-02,2.1410433200175483,1.1297513517954991,0.5296544513814159,-0.27076989633342385
2000-01-03,2.0484109405774205,2.3615050949535616,0.1481255394325845,0.30142809311858165
2000-01-04,3.3802689664256382,3.1633633656464903,0.16660154503367877,0.7432896054856248
2000-01-05,3.51584377029773,3.223774702767645,0.5474144166620611,1.9935932329772252
2000-01-06,3.3337396988128356,4.530360200246868,0.4194233328698799,0.6768890397307437
2000-01-07,3.773209141673804,5.254874824939813,-0.26384532023754326,1.6521132632903273
2000-01-08,2.1956327360313805,5.151188517239676,-1.3136988147968807,1.6511329890937572
2000-01-09,2.754147513992591,4.982350967736693,-2.6025204164491003,1.5880987176264856
2000-01-10,3.7451927428143397,5.441347351572121,-2.9159981742619885,-0.8434965606926468
2000-01-11,3.597675324895186,6.402153185756887,-4.477758301058322,-0.4898558908014133
2000-01-12,2.2755937405846405,7.290459605848424,-4.803507089963707,-0.27022697033468146
2000-01-13,2.740571352245052,7.043257375068082,-3.661562361752395,0.6827730732514653
2000-01-14,1.1090242201813574,6.816878066421314,-3.7649412997689753,-0.7429075035862903
2000-01-15,1.3874952695228604,4.82781871859763,-2.9840587561679417,-1.9405005765577972
2000-01-16,1.2695127045543468,4.595296141702849,-2.7059239626148255,-3.3046817742181034
2000-01-17,0.3257564616037234,5.346656871683961,-3.5336100280354708,-3.348030231101411
2000-01-18,1.3288204996237956,5.52917082960136,-4.284638618917612,-2.0997778575072106
2000-01-19,1.0552851921164326,5.2867660075207805,-3.6480620536576067,-3.679203726192004
2000-01-20,1.6780710135490318,2.8285403916522935,-3.411251010605918,-3.990743041922092
2000-01-21,0.6883122031665955,3.310327844228286,-1.9118253883878131,-4.358725169718083
2000-01-22,1.341177233981902,3.6009743971822505,-2.4842796339895434,-5.459732077948228
2000-01-23,4.461276584453747,2.9552037859757974,-2.9248867472598596,-6.184172203055944
2000-01-24,3.7628662989039,3.514501569237021,-3.0883438504657836,-7.043153661093346
2000-01-25,4.588718502209936,2.6802665044883534,-3.8979919036319526,-6.518464376154078
2000-01-26,5.121048515319536,2.490498885978929,-2.9467258646004693,-6.09990144519607
2000-01-27,6.140718939704319,3.1154910023158817,-2.6553782179623493,-5.8627310133361
2000-01-28,6.682344551464269,3.052948240066406,-2.6820270992313495,-5.581207777999608
2000-01-29,7.000801839378616,2.1836869585066143,-3.9271600417576753,-5.766497798954555
2000-01-30,6.2272565094867325,2.8638934066657926,-4.201874972172304,-6.2635427423707135
2000-01-31,5.377991800179508,2.5898375804386324,-3.930756212418032,-5.513169487725433
2000-02-01,4.710820566720858,5.287240914426577,-5.106064006728965,-5.1657103042511
2000-02-02,5.7223417477393514,4.068586986004606,-5.032408819882471,-5.435713108533288
2000-02-03,6.344966248065523,2.8332866678594177,-5.569861508569855,-6.83200656528493
2000-02-04,6.372728836427022,3.0225233543441514,-6.303493582091792,-5.7426836052252686
2000-02-05,7.470010471198053,1.7164017523205022,-6.969184780110602,-5.17719646718989
2000-02-06,6.26784024560108,2.1754946134609576,-7.602639673625697,-5.753528141999203
2000-02-07,5.133587643114838,1.1045638511517133,-6.160012103068814,-3.4617909469412176
2000-02-08,7.642884998960765,-1.1383584120023689,-6.441009604661077,-3.3905582011984334
2000-02-09,8.256162424669995,0.10420350951498558,-7.200429533087379,-2.0330178369203997
2000-02-10,9.382098866200659,2.0782349346420776,-7.2221923887158885,-1.5520975642348454
2000-02-11,9.958900309461635,1.220390665107327,-7.5509264330371115,-1.1734575849019588
2000-02-12,9.296598777790226,0.189758695095122,-6.934207667087568,-0.15929683950179796
2000-02-13,9.831045649045913,0.042266799709313047,-7.0564848496885055,0.5085313841803069
2000-02-14,9.523484917012308,0.9197941890356481,-9.073611963737566,0.5871209080984793
2000-02-15,10.038192703722395,1.7656857978805474,-9.248223506059565,0.8505001709959776
2000-02-16,10.343698987210061,1.657121706727036,-9.478024333210405,-0.4038996693884549
2000-02-17,11.029690808341325,-0.04887322853737319,-9.38939571395909,-0.5652349856155983
2000-02-18,10.842620420918076,-0.6647207574842305,-8.956694812120713,0.9686549292722975
2000-02-19,9.277467501925793,-0.6218902667168108,-8.972999839790191,0.48169742824516154
2000-02-20,9.057876542098047,-0.01977521568936491,-7.540992423211506,-0.281957056063701
2000-02-21,8.701375564159594,-0.3792126185190692,-7.680595588597283,-0.757625128339823
2000-02-22,5.675535004448026,2.526173156960687,-8.195506102562307,-2.300297251641672
2000-02-23,5.787098801384378,1.9372787179799698,-9.271662624773338,-3.3788789236409293
2000-02-24,5.035668609660679,1.8444276325436961,-9.673609278405673,-2.48804940121638
2000-02-25,4.102864338098282,1.5925196502989611,-8.51183327450121,-1.2190690086532827
2000-02-26,4.721689762921672,1.4399961308180824,-9.639052908228987,0.33649840856872304
2000-02-27,4.736137601768797,2.1487064384731993,-10.720915210586156,-0.04229458256037483
2000-02-28,4.292954700036566,1.3629939039690355,-9.081947940926307,-0.8260162668055138
2000-02-29,5.05156458592816,1.2492736402358964,-8.534779282842782,-0.38139108389289644
2000-03-01,5.081080504562002,1.270199377334541,-7.1125480642130245,1.4070865458604986
2000-03-02,4.71962418574333,0.38059131699668913,-6.098527058444232,0.829848862589371
2000-03-03,6.488731151319366,0.5888008267130893,-7.85125392384886,0.6651107159482841
2000-03-04,6.469415486517786,2.904618778397537,-8.797249898759743,0.36981285089275673
2000-03-05,5.682089600568142,2.9539125709111973,-9.049567590060702,1.9402133072149108
2000-03-06,5.373307486187585,5.213230547932874,-8.851059630354474,0.24860300143138225
2000-03-07,3.8338404178844696,4.302368259606795,-7.082382934332166,0.48013309304605883
2000-03-08,4.799153085479423,3.629411760216742,-6.646777583080438,-0.9262549072023387
2000-03-09,5.28357563275081,3.496026527317855,-6.809471317536845,-2.6466176887361113
2000-03-10,7.094162791651849,3.567060352869491,-7.866544255326482,-2.7563721959362626
2000-03-11,8.085758674015999,3.084970626376212,-7.297945985398928,-3.179329677850309
2000-03-12,8.763501232691132,4.1371701076470355,-7.637055051188876,-2.840804472733547
2000-03-13,6.138148109712008,4.309267845326521,-7.0950936004397605,-2.853433846223542
2000-03-14,7.731271805827622,4.807457420417641,-5.839217660863449,-3.3304578636012527
2000-03-15,8.36773462193172,3.75542579438184,-6.336032099984329,-2.711507540968642
2000-03-16,9.952677823793053,3.9961411454940965,-5.5886891184657514,0.9307423826534604
2000-03-17,10.023014891583365,5.861327412871487,-5.588712795474168,0.6287407581165245
2000-03-18,9.199670913109617,5.691662839456755,-6.110598030883171,1.5531964322531868
2000-03-19,8.80240436393828,4.925922836837968,-6.868502190316747,1.440322533117759
2000-03-20,8.706360452832326,4.581108855928836,-5.386683778349633,2.582648708589314
2000-03-21,10.364055557929241,5.013082086866618,-5.005987162169413,0.05406642029317332
2000-03-22,10.64600749868379,5.785582834833889,-5.974132569794455,0.28122605279867063
2000-03-23,9.515142657802883,5.583011873941503,-4.757816407220473,-0.144950975672698
2000-03-24,8.826481009975064,7.462046810476674,-4.8522166283997645,-0.5259607878963457
2000-03-25,9.761052039858647,7.46416685650343,-4.135436920114358,-0.695466267158106
2000-03-26,9.784933286743573,6.826260122796964,-2.253852545665671,-1.7250826512058584
2000-03-27,9.987812174530374,8.801323228134363,-1.440696322745569,-0.5690666360437218
2000-03-28,9.953133309748667,9.074708263270638,-1.8141383854160742,-0.6873094748803159
2000-03-29,9.022014554677185,9.974499199335517,-0.8761940827566566,-1.6863646907178782
2000-03-30,8.970791529476138,9.016190277863053,-1.362730761272187,-2.706576709283482
2000-03-31,9.685221549016184,9.535449121730144,-3.3429725194555484,-3.562568417748651
2000-04-01,11.217521328190697,9.368909908019546,-5.255318112262941,-4.033777609151801
2000-04-02,9.030680212946796,9.754430942385008,-5.283858877122004,-3.550436123001023
2000-04-03,9.99408658523397,9.891613540200783,-6.730178612631409,-4.036000442264851
2000-04-04,10.211829659311737,10.453390419998264,-7.40186186440104,-2.0768354179919966
2000-04-05,10.197033496291114,7.336833987723672,-5.3528254700592015,-0.8885714467664778
2000-04-06,10.87710450001985,5.9934908400849665,-6.206308734273435,0.21638448818152378
2000-04-07,9.63841828699942,5.247146069862815,-5.055201149324906,0.590168343442073
2000-04-08,8.794590455752331,3.9972428855380704,-4.445484429205399,1.0573968573459256
2000-04-09,8.690921170181506,5.1619680403862,-3.8016458971066607,0.8815636037814101
2000-04-10,8.067677200208557,5.6932975309112805,-3.7673662851067293,0.21756273809742965
2000-04-11,6.760005026663741,7.33233640034157,-4.028223749738814,1.0428672794077767
2000-04-12,6.969131922577163,8.52839788489127,-3.6423647744850407,0.32077331837558254
2000-04-13,7.8647537374120535,8.867619611944544,-2.529953903019095,-0.326098336163161
2000-04-14,7.653191158564897,8.557625549441596,-4.382035010249206,0.26232222380185366
2000-04-15,7.975226250483666,8.814313372200612,-5.976502147857629,-0.7540041270254989
2000-04-16,8.388924583990542,8.614874303795142,-5.429065869600976,-1.619381982561448
2000-04-17,9.255808792317726,9.976536445189534,-5.3429729304414755,-1.1761138386388637
2000-04-18,10.513675188949678,11.408125540075202,-5.311859086798066,-3.094994807532105
2000-04-19,9.882530505281839,12.068766408024477,-4.475878401005978,-1.9819832931284311
2000-04-20,12.401233506031478,10.94140405627417,-4.400456232422283,-2.6515772981380032
2000-04-21,13.42613693167766,11.324491839434335,-4.115012950726273,-3.0988831217861295
2000-04-22,14.72819856243567,11.502686585486293,-3.8341716783580444,-5.525999803314672
2000-04-23,16.371838103182377,9.930883425775693,-3.8630119427821143,-7.221071394783108
2000-04-24,17.029767006208925,9.813742892559512,-2.7430925861225415,-7.879802283922163
2000-04-25,17.508482727235418,9.558586818989859,-3.954401195998832,-8.076557657146203
2000-04-26,15.544778022329458,8.41341736867868,-3.0843618522370084,-6.834309490978795
2000-04-27,15.63577579751664,9.031741507294143,-2.5309458316470295,-8.479896555986864
2000-04-28,14.19920180564194,8.687746374585261,-3.163693498854934,-8.775431957319986
2000-04-29,13.495468366757802,8.843093300313654,-2.8073266848328857,-7.325566722824705
2000-04-30,13.744508889521333,9.97457883457983,-2.5450764896702416,-6.876226156558606
2000-05-01,14.373912905806161,10.250016823671489,-2.982992607469293,-8.016718358187594
2000-05-02,14.264073547622727,10.895326031059664,-4.511819568338011,-9.015783562581648
2000-05-03,14.302870238964822,10.836690433875347,-5.879556104931919,-9.564684651615803
2000-05-04,15.578878104471528,11.347668028630872,-5.641463441763328,-11.286285215759396
2000-05-05,14.851471573916584,12.025291420801452,-5.663810367475748,-12.073073965929057
2000-05-06,13.811722464644529,9.852882994410365,-6.72425866887979,-13.398796383208055
2000-05-07,14.062825624971103,10.786884700044485,-5.935874838442217,-13.120805033030988
2000-05-08,14.328022398594756,10.867253460960391,-5.6952178210667475,-12.638336286349332
2000-05-09,14.030337206637556,9.848866892549406,-6.230946727047345,-13.628282441758811
2000-05-10,15.59057171107168,9.639286027304355,-5.474927953690967,-13.31251364304373
2000-05-11,14.616616225218795,9.766281928091454,-6.851210693337962,-13.09790485233693
2000-05-12,13.9547484621158,11.110614373069739,-7.435341069450281,-12.816234710018973
2000-05-13,14.183234470731097,13.194133166063137,-8.02390982974622,-12.319867059142927
2000-05-14,13.992758546761905,13.708656464988518,-7.081022480196237,-13.034457751454845
2000-05-15,13.765276448329557,14.271649179867401,-5.479281830738824,-12.473924614926304
2000-05-16,14.004583668112744,14.594833000311349,-6.04325351369339,-13.325891710369753
2000-05-17,13.41173653328308,14.864492052841946,-5.213235759551745,-13.470521128129073
2000-05-18,14.914047746637138,15.491608699002004,-6.950776740658808,-12.420446558191355
2000-05-19,14.622969728892308,14.814190131922338,-7.823416108976886,-11.63315621739106
2000-05-20,12.423846525553357,15.850185903778938,-7.651837699097979,-11.382560722252702
2000-05-21,11.314058873105687,16.0289742189479,-8.679594529158594,-12.05197115819744
2000-05-22,11.951820614534851,15.167630898426564,-8.95467626718694,-12.689311125271441
2000-05-23,11.785362929925567,14.597918679375553,-9.070793528785837,-13.5578505473775
2000-05-24,11.770157789920711,12.476557722852528,-9.65044287243243,-15.21416814460785
2000-05-25,11.763045758173432,12.211581108734746,-7.810952239029018,-15.696724115584592
2000-05-26,9.556914884913425,13.185016978093882,-8.211644890060612,-13.952486255452113
2000-05-27,10.786344456843535,11.962297872954561,-7.3881898537510775,-15.562092624233284
2000-05-28,10.498591975581945,12.384739177214485,-8.548695902866868,-16.015756823042313
2000-05-29,11.60492867981471,11.851030888875416,-9.448071712455919,-16.30066213152663
2000-05-30,11.397972924431222,12.624228338439995,-10.325206704385668,-16.895143291362203
2000-05-31,10.222433490950277,13.781555727774498,-10.72107106752113,-16.851045058377395
2000-06-01,11.624461186401469,13.014479216168146,-10.935694934639223,-17.1813928020704
2000-06-02,10.978138334450014,12.432229909541682,-11.141234400620938,-15.716203533683109
2000-06-03,10.54633560718733,13.495713590103847,-11.279653537569969,-16.617089575074875
2000-06-04,10.982486462969867,13.218863204962737,-11.82092934751743,-19.3795702565258
2000-06-05,10.94177807010288,12.245212486393806,-13.30286212131747,-19.316787450402263
2000-06-06,12.255561794223064,13.102978425786828,-12.147552730618955,-20.869505202496175
2000-06-07,12.37945547954121,12.883669176731003,-11.327121061829331,-20.296293524214352
2000-06-08,12.152474133665986,13.336968212769426,-10.266427563121377,-20.57784249492708
2000-06-09,11.892352422203354,13.604779599315151,-9.328777290243423,-21.008996932447285
2000-06-10,10.38564983444971,12.89763761083122,-9.584737342091577,-20.788440153423323
2000-06-11,8.364764453101824,12.472921528985012,-12.034904037043997,-18.90493183499206
2000-06-12,7.507110280903516,13.782221598226101,-11.864632684771651,-18.45352913579264
2000-06-13,8.039836776430201,14.730622750438322,-11.355687849996583,-19.389945976797623
2000-06-14,7.04103807444884,12.678691234280619,-11.287208349060363,-21.77550920024067
2000-06-15,7.1727113041388915,12.263987363624135,-9.99207751393269,-20.718081147797164
2000-06-16,6.416812826390628,13.836648576465713,-8.811075405111396,-22.88844684738818
2000-06-17,8.35443144557994,14.620857286720213,-9.078619777997602,-24.949607442238353
2000-06-18,7.753367897870694,13.275253313198316,-9.538098255894518,-24.875297687800213
2000-06-19,7.500680006920191,12.626802613653306,-8.706788166311716,-24.805637762832085
2000-06-20,7.068452998707055,12.924059561043409,-8.746033886322781,-25.21199052115762
2000-06-21,7.800341588277569,12.78219297002546,-9.546559122189446,-23.880344512172655
2000-06-22,8.166522570987867,11.943389243404141,-8.82025211222142,-22.692097863589385
2000-06-23,7.468796503931192,11.706836409037566,-7.232073067488872,-23.845790407442312
2000-06-24,8.389452283730721,11.708153094890891,-7.622954332393979,-25.52742538500124
2000-06-25,8.946262762555836,10.596491278082746,-9.345129825468172,-26.19224050080318
2000-06-26,8.814453108090719,10.379989256411628,-9.413244174747186,-28.33304967858512
2000-06-27,8.603448894189004,11.019585502934799,-9.808301489312768,-27.045315982943233
2000-06-28,6.590495946926305,10.782473390214227,-9.430721640622107,-26.63857320649209
2000-06-29,6.946253535491916,10.071586742125316,-8.349842115582655,-26.843900937260557
2000-06-30,7.3107276933944325,9.841764153982297,-8.305170506069569,-26.566732684336174
2000-07-01,8.108202307082207,10.729266050803027,-9.519808177869722,-27.537585734329777
2000-07-02,7.655292690696015,10.119541833351866,-8.998931641522482,-29.481488279210367
2000-07-03,8.56934044538906,9.234090195738236,-10.09986820550462,-29.495636334916075
2000-07-04,8.227781762328988,8.478883627376089,-10.619223725884558,-30.63215623638665
2000-07-05,9.149509751450429,10.970598993645508,-9.395274795243866,-29.604848274269678
2000-07-06,8.243651321596255,12.580432854590567,-10.838049984529906,-29.208745777897526
2000-07-07,9.081779422011973,13.483134931112172,-11.254417548460516,-28.754241493742324
2000-07-08,7.795206541121313,13.834397913875447,-12.344149114483763,-28.818726924033026
2000-07-09,9.332855178253475,12.902332606034285,-13.82857537209015,-28.46771088551093
2000-07-10,8.956536008755805,12.476512682506137,-15.443712623598415,-29.455267381340132
2000-07-11,9.155096452421247,10.905435988813178,-15.35275515183017,-29.354739896554776
2000-07-12,9.471970887831302,10.24977925677907,-15.752992866016585,-30.416886379805124
2000-07-13,8.331116553864303,12.004347101268012,-14.668336978235857,-29.982153513841332
2000-07-14,8.489520440827102,10.64605779503926,-15.287698524235523,-30.503185126948583
2000-07-15,7.362083824673608,10.09378326707022,-15.710724587163853,-30.86849499634766
2000-07-16,7.76577388493539,8.451326096269518,-15.38410708358516,-31.017928223830037
2000-07-17,8.31588603112282,9.703759825110007,-17.239466813844146,-31.280466500948798
2000-07-18,7.75053708731227,9.25381589124876,-18.202239392452057,-32.0730292913171
2000-07-19,7.524478975375682,8.610868598320659,-18.673720574043006,-31.16563464651253
2000-07-20,7.330781561178038,8.601347531736026,-18.356808232919732,-28.48586020193513
2000-07-21,6.912860139395921,9.050828100653552,-18.186132346267307,-26.88210810080053
2000-07-22,6.808831469710421,8.736558426460501,-18.627344289241965,-27.83187583398273
2000-07-23,8.081052835762007,6.557139308519377,-19.81740492040552,-26.94021009367742
2000-07-24,8.145385176275843,6.087991609893145,-20.93311301192423,-24.457311581321665
2000-07-25,7.4755954412868615,4.99664243321346,-19.382101732154815,-24.35097981700366
2000-07-26,6.170463354194922,4.648003024205606,-16.59108414652748,-23.86724479556335
2000-07-27,6.522531520078432,4.443565107659772,-18.386398864021977,-22.172295782869394
2000-07-28,7.344160113378659,2.8875983431941883,-18.871414202649728,-22.76801303233161
2000-07-29,8.066340594282902,4.689035634416963,-17.85371266245876,-22.334138736339355
2000-07-30,7.712401268676531,4.680412913120688,-17.491759410945726,-23.5330728175444
2000-07-31,7.993559806254744,3.4132211250823303,-18.789852534952377,-25.81247252026242
2000-08-01,6.068058039888152,4.252624673938358,-16.68791943146084,-27.1544294663969
2000-08-02,6.77448531001648,6.273211681439278,-16.489708757686202,-27.29546324769989
2000-08-03,6.881646902865091,4.389045041743134,-17.37322308234803,-27.224927461920075
2000-08-04,7.178176479361239,5.926515549674747,-17.012364337045838,-26.690282228030036
2000-08-05,6.062522723562348,7.121632692496152,-14.715764733488802,-26.74277565715352
2000-08-06,6.80629779456339,6.656700279953775,-14.64419468553401,-28.640100139299687
2000-08-07,6.289512265580781,7.758318024012803,-15.516457517769743,-29.72039268263688
2000-08-08,6.860908479728492,8.27230591615073,-15.365176026106328,-29.389905037772447
2000-08-09,7.785655142340839,7.561491657143292,-13.8281587953538,-29.57245280733792
2000-08-10,8.849456598857955,8.039715425783887,-14.70385571757642,-30.163267864015552
2000-08-11,9.691826028357747,7.1452004413194725,-14.572814173812013,-28.942624783628748
2000-08-12,8.371565242511377,7.123046170367519,-13.722099334124561,-29.978257042408956
2000-08-13,5.429242437851678,7.480296145259726,-14.98530259309768,-30.061849838430064
2000-08-14,7.709559661040424,6.781761436148267,-13.29401016560144,-26.364912872253647
2000-08-15,7.823658337241389,5.31869363708435,-12.151637860302408,-28.298653194712333
2000-08-16,6.717714832906589,5.7112979425122266,-14.25913185022909,-27.702542824709617
2000-08-17,6.632654821075691,7.8347218699605365,-14.426416810999832,-28.74769490912118
2000-08-18,5.777584941276379,6.588744142575237,-15.569994050422226,-28.62729076567251
2000-08-19,6.02401781818463,6.085633252568542,-14.43642074705365,-29.749060268750263
2000-08-20,5.486208431174818,7.261849757711644,-13.672563792045404,-30.175102677509344
2000-08-21,4.889355693927294,7.293786463731588,-13.6447896589564,-29.326890613539963
2000-08-22,6.5874773601407535,6.261116024105771,-12.98037517859443,-28.699826431852205
2000-08-23,6.688674273716752,5.145349204369706,-14.279795618210747,-29.54431733955716
2000-08-24,8.376387555164136,3.9970276310522586,-14.685668736882374,-29.944869141518602
2000-08-25,7.280647645413784,4.663274159784945,-14.850314400170808,-31.674106733739073
2000-08-26,6.7909047141846575,5.56505616320526,-14.595625015938452,-30.308269959114188
2000-08-27,7.8034606359314544,4.775166362993595,-16.43427634278246,-30.602302367746923
2000-08-28,6.874295269224112,3.1996549576663664,-15.770472849141912,-29.978016723134676
2000-08-29,6.888072638474137,2.9822027469884285,-14.539830181116784,-30.478143403266063
2000-08-30,5.997026398281028,3.0425049849481263,-14.293886935457714,-30.62622265585616
2000-08-31,4.316319761365849,5.115706785681761,-15.234172238644938,-30.06709276491826
2000-09-01,5.381657454836351,5.397026297114954,-14.57481918250891,-30.758590174724443
2000-09-02,6.198451424788139,6.318689289382306,-15.388372369752068,-31.669959091664744
2000-09-03,6.841219456396575,6.468131879918556,-14.657679547758537,-30.89522079215213
2000-09-04,7.664990119541972,8.440594330298525,-14.609042357250795,-27.746480544681997
2000-09-05,6.669202780568088,9.086976791883142,-14.944720004852105,-28.943215291345492
2000-09-06,7.18866573624757,8.177346079665057,-14.184190050828084,-29.159410421579558
2000-09-07,6.483738122745251,8.425318501393333,-14.242979912738512,-30.28348428737426
2000-09-08,6.060605804732736,8.470866150021632,-16.385115025103687,-29.505786976760533
2000-09-09,4.752320057832893,8.739754137297302,-15.754292202576373,-30.575642538952614
2000-09-10,5.130047090319952,8.572010067407751,-15.847262945056977,-31.502528288247042
2000-09-11,4.698535120157399,7.286794014764673,-15.693102836638591,-32.94855896368656
2000-09-12,4.617761054648203,8.296281578893415,-17.301012146870136,-33.706953172276506
2000-09-13,5.646254385094738,8.851688709231219,-17.421820834320506,-32.512610081354936
2000-09-14,5.783138155366775,7.931237329172265,-17.599220465642354,-32.262801911408125
2000-09-15,5.224009130488916,7.67228465463548,-18.64283572449459,-31.448070734654266
2000-09-16,5.0540870959233475,6.931906652003818,-18.673123306085227,-29.985241149288644
2000-09-17,4.154587627840474,7.245247540774543,-17.16811358312637,-30.78979360834631
2000-09-18,4.565837854752723,8.88207358340352,-18.953028386377067,-31.495875762929668
2000-09-19,5.682900951975693,8.54081191614202,-18.7257954891398,-33.12766635546909
2000-09-20,6.6119855703325845,7.878507363183923,-19.270228231730826,-31.418288568936763
2000-09-21,6.145560019701442,5.900916129982671,-19.04992129920136,-32.45665739275034
2000-09-22,4.514454189524071,7.395212784065185,-20.93706796306402,-34.290857626544806
2000-09-23,5.140463998664927,8.857771887716233,-19.88490442683118,-31.98501992520032
2000-09-24,4.722673596622767,7.921685440526381,-18.746264415411495,-31.888178475519783
2000-09-25,5.870900603774574,7.951855192358289,-18.841210992549467,-32.03482361126628
2000-09-26,8.21048458925792,10.812769356336673,-18.4094091341088,-32.714547220686626
2000-09-27,9.766212176492903,10.216076321376546,-19.10671719686286,-31.93065345523544
2000-09-28,9.494266434864464,11.574390647782451,-19.22108907962231,-33.002667609300026
2000-09-29,9.536127977443135,11.547951352895248,-19.832672199093604,-32.05442867030588
2000-09-30,10.473073848397942,10.146993308489716,-19.039144936858442,-32.87076601233892
2000-10-01,10.183133197992976,11.118106264218321,-17.872212275756414,-31.11145531818505
2000-10-02,8.607255488660744,11.007297811001617,-18.52582169014407,-30.878289921485276
2000-10-03,9.008766009907191,12.455452854767543,-18.134679118328762,-29.909857803340685
2000-10-04,8.693027189428513,12.839009848707805,-19.3106624413098,-28.790365206877752
2000-10-05,8.654492754117971,14.279671791242519,-18.206856319934925,-29.905784178406304
2000-10-06,8.072780042204366,15.236457533287954,-18.450817202821618,-29.13429343510802
2000-10-07,6.614349182205218,15.16638064039639,-17.142873269536942,-31.449399571835837
2000-10-08,6.694740063575677,16.071313923414987,-18.57858419321459,-29.060738013384675
2000-10-09,6.484346605262499,17.26541222855499,-19.035566586492774,-29.668965881023546
2000-10-10,5.514556053419436,17.17259902462035,-16.71894707211043,-28.511979399111155
2000-10-11,5.380243985851088,15.958344935626858,-17.67452868137072,-28.024329282680156
2000-10-12,5.200901558840585,16.216433298861723,-17.329955066833808,-27.616814507613665
2000-10-13,5.221684837905812,15.611028358370412,-17.705407360484198,-27.8565028643706
2000-10-14,6.169835777929011,16.283184088541095,-17.45447821638461,-28.47397345144621
2000-10-15,6.40001896043623,16.40897964618679,-17.563871457963817,-27.73052247742125
2000-10-16,7.702884727386411,16.58189261589726,-18.089493924994414,-26.996489011262117
2000-10-17,7.037585252289759,17.353758072872623,-17.392183738250825,-27.92173528097622
2000-10-18,7.059537668837874,16.964057666238364,-17.666009903668126,-27.10412677704148
2000-10-19,6.276490138090571,17.405481699747227,-18.479508134462666,-26.900386544622474
2000-10-20,6.272923757504452,18.90040045156044,-18.887649028417655,-27.714447626419492
2000-10-21,6.089093048944396,19.322270862513186,-19.283837395905405,-27.30576347270506
2000-10-22,5.631718008380626,18.60561051941704,-17.91596969387205,-25.836986898576235
2000-10-23,7.654723391199619,19.361509962404867,-17.416025471736152,-24.91391443035111
2000-10-24,8.786457022486069,20.737762846779496,-16.429909607921736,-25.657755098557743
2000-10-25,9.577296036409848,19.178843196873345,-15.198856958285422,-24.89830615606321
2000-10-26,10.277682364771042,19.564866662941085,-15.120631329300902,-26.902762656022933
2000-10-27,10.689892442123428,17.800521768369755,-15.957057196966542,-25.88559562323521
2000-10-28,11.475253025033068,16.585565522049745,-14.738658066867908,-24.891689462566504
2000-10-29,11.237344971074565,15.268357778919004,-12.32788245139527,-26.754448881543947
2000-10-30,11.34977005109043,15.292341462268471,-11.881113011452728,-26.37055884566466
2000-10-31,11.42010663541022,13.600025766239188,-12.860303014537264,-27.90972221588759
2000-11-01,10.57867293601031,13.95049886526115,-14.490896349013237,-27.50560711565095
2000-11-02,10.640095456582243,12.762129037276235,-14.46524340090489,-26.751808909652237
2000-11-03,9.405719811108296,10.92303212168591,-13.639208972250124,-27.31417203881211
2000-11-04,9.17400358089544,11.316268416774946,-13.9020336901355,-28.30726946908105
2000-11-05,9.733075462581489,12.273091999705898,-16.029182585579765,-29.92517576790156
2000-11-06,8.354489579422152,11.634806301349716,-17.221135496677547,-31.070278465576266
2000-11-07,8.37970266293638,10.727588001685538,-16.233618955431574,-32.20672102515924
2000-11-08,8.244623109911695,8.918069260524438,-14.948687690735555,-32.56235226926052
2000-11-09,7.706413227776393,10.466905808542743,-15.023426162647192,-33.02499749885334
2000-11-10,6.599920446897335,9.325900071744249,-14.573203413039696,-31.3565193942778
2000-11-11,6.853397202438841,9.2242775187182,-14.663103947939085,-32.06503841353984
2000-11-12,7.774842417266081,11.825713173642985,-14.368748274400101,-31.40578837310251
2000-11-13,8.778855463856457,12.047434071939328,-13.876563819479257,-29.92205513880794
2000-11-14,8.554877287719993,11.0404537458836,-12.291524782977664,-31.914362655359785
2000-11-15,8.50192459147472,12.145068336973758,-11.381226668156275,-30.370442881520578
2000-11-16,8.187226714592846,12.500721576049344,-10.999468167307446,-30.417386474314903
2000-11-17,8.216800002390565,11.309316584705105,-9.712549264653601,-30.253921550632306
2000-11-18,8.394492085324032,11.368328645618309,-9.59202933373508,-30.58825850883025
2000-11-19,8.180345713342865,11.828092319461934,-9.735802022686144,-30.805440181795614
2000-11-20,9.162015030930588,14.090868982006043,-10.950222621793738,-30.62912085956161
2000-11-21,8.929948932898402,16.081645144292075,-10.208637302287839,-29.336356067373984
2000-11-22,10.03543930367371,15.729821179212912,-10.678823192080023,-29.789205051775888
2000-11-23,10.092303996602668,17.925476131648956,-10.074162319387685,-30.994259714287796
2000-11-24,10.737699292551493,17.49046129680555,-9.084557752817407,-30.126294086435955
2000-11-25,11.105881927424504,17.648781717136405,-8.56878061703027,-31.710159055216188
2000-11-26,12.142486523991598,17.43787375771474,-8.46613922077687,-30.55777276230552
2000-11-27,12.233866034690974,18.03754724948281,-8.000648860128504,-32.175982639389154
2000-11-28,12.208832930735944,17.874094011189683,-9.165608768776519,-32.62836514051825
2000-11-29,11.622535834014336,19.28902302621501,-9.453546492914088,-31.695152449605857
2000-11-30,10.718000908646726,20.82961091137883,-8.962280198401908,-32.581044332233134
2000-12-01,10.533230964288386,22.64569963483534,-8.995762740853616,-34.12396555664268
2000-12-02,10.826816561584078,24.429377215472723,-10.11784735633378,-34.19885794838707
2000-12-03,10.360131566639696,24.73271694823963,-10.604871450603815,-34.42147485223229
2000-12-04,9.082090251847623,24.03980985021028,-9.603162837686906,-34.8316050561359
2000-12-05,8.78204874531274,24.602894085802248,-10.040317956710595,-33.215234422957934
2000-12-06,9.445021289595427,25.66851735306791,-11.421071579379726,-34.02316638067282
2000-12-07,9.287162996672317,26.02224404068226,-10.311884605083161,-31.92200226879588
2000-12-08,9.938522268367633,24.676490293008964,-11.443158806619989,-31.883414644046585
2000-12-09,11.782767369716613,25.90500691241233,-13.232178673327182,-31.519261025524973
2000-12-10,9.827320907019475,25.605949053453458,-14.028908133025904,-32.303391355950545
2000-12-11,8.526363971302548,24.060058956297873,-12.953221863792704,-34.52836700930719
2000-12-12,8.158383059902546,23.838210806733624,-13.320306176868664,-35.47915918816616
2000-12-13,6.5858275889662,23.6317988873879,-14.409517949682192,-35.88670802645615
2000-12-14,7.082642490055214,23.95287371459009,-13.722133972222315,-35.6100949151908
2000-12-15,7.112599515989704,25.75049594280568,-14.353846689508785,-36.43125671420414
2000-12-16,6.2219623524774725,25.72589021924835,-13.648165012368702,-35.82931882311211
2000-12-17,6.921861448598084,25.093700495127706,-13.368078846955306,-35.01899984286586
2000-12-18,5.349096401386959,25.094694066680397,-15.01098636347487,-34.67474362271802
2000-12-19,5.969932270452353,25.845173257397082,-14.962619097796487,-35.86248748336585
2000-12-20,4.5655637715333315,27.595501571589217,-15.262693191046479,-34.91526249859733
2000-12-21,4.682524170834262,26.678210031061603,-14.973316396276179,-36.099278547073304
2000-12-22,5.971875342550444,27.63757468943536,-14.715966747605377,-36.3911650232921
2000-12-23,5.322644825884598,27.733186269890417,-15.154080237727266,-36.478090709231935
2000-12-24,4.985432860380285,27.05419939522366,-15.315948930118708,-35.753437316035225
2000-12-25,4.8257052713568624,27.140610101476057,-13.635322906311684,-35.0267239901311
2000-12-26,5.289548917389392,26.64632444714579,-14.455056449838233,-35.770296626986664
2000-12-27,7.045434509395649,26.996273628903673,-12.765514525533149,-34.33013968339937
2000-12-28,7.811882084808688,28.052590743976545,-13.275113841898904,-34.415812033430754
2000-12-29,9.272826160339179,25.353571386943237,-15.185273901200203,-33.658665441454744
2000-12-30,9.549880943542925,24.791524890182814,-13.924513918401297,-33.9632623931714
2000-12-31,9.585869772035297,25.65700756258711,-11.890061924329881,-34.73612520698293
2001-01-01,9.240346830949013,26.84239974003814,-10.225387858391949,-34.247242645482324
2001-01-02,9.530081902120035,26.910444157650538,-10.058621178263008,-32.434416838522765
2001-01-03,9.31721318896134,26.89533271007914,-10.259043138473757,-29.920851588704085
2001-01-04,9.397893672312243,26.7291804436452,-9.340046061139935,-32.181984332439285
2001-01-05,9.494555550520012,27.070486253144914,-9.101500394923281,-32.172958563707894
2001-01-06,9.795522280366365,27.38280842027211,-7.92902470355107,-32.778434040880065
2001-01-07,9.316320109723426,27.166819485723448,-8.684155726976586,-31.85946337565519
2001-01-08,11.274614177879805,28.16713823097689,-8.97175540937145,-31.592819403710795
2001-01-09,10.29427032517547,27.838656822107023,-8.89834376774423,-30.821646059373517
2001-01-10,8.997451670595861,26.05614973859393,-10.302555034388126,-29.875036221620803
2001-01-11,9.685231586754306,26.33755814935929,-10.198472830600016,-28.17990189761814
2001-01-12,8.920429057132017,27.068621735645785,-10.79436221833083,-28.074480177677632
2001-01-13,9.523870067054762,26.763319447223484,-10.14110014340937,-27.69528236054052
2001-01-14,10.251691062437269,25.26688505996041,-10.064074277366762,-28.679280517292447
2001-01-15,7.337468102558395,25.39032345027658,-11.454493811241166,-29.64108986815621
2001-01-16,7.459262907257954,25.893965957032073,-11.733315927510102,-30.27044917224936
2001-01-17,7.6674139720612144,26.258615795053302,-11.426356565262738,-29.846741957670194
2001-01-18,7.476902221347351,24.25546277661489,-11.925905182127204,-29.835537704549754
2001-01-19,5.90768414838827,24.788151488955037,-13.124880234605897,-29.67735106537395
2001-01-20,4.196653972406784,25.79232486252415,-13.820160041842113,-27.583223089816837
2001-01-21,4.898034148388875,25.504188223410484,-13.472607674522768,-26.878223339480428
2001-01-22,3.6848383968987095,26.13769575340599,-12.826652364792254,-28.0321744808424
2001-01-23,4.003564648099023,26.987828865101616,-12.66769037424756,-27.91833101627853
2001-01-24,5.440359162593542,26.574807156170433,-14.244509007467045,-27.68688623786918
2001-01-25,6.635423577086152,27.95352859826937,-14.575008856387687,-27.276403324072348
2001-01-26,7.75395651649318,26.40932333923033,-13.744574960119435,-26.743498387527257
2001-01-27,6.5225209052530895,26.48237033680686,-13.99435888472777,-25.79704815597789
2001-01-28,6.3552585225697,27.76358216215776,-15.407506156845042,-25.636006954946108
2001-01-29,5.5363098734335985,28.78725153587284,-14.473340478241072,-25.939263160147345
2001-01-30,4.91112505494983,28.855668036099917,-14.980005291326965,-26.383893616176834
2001-01-31,4.171516915983479,31.022893988794088,-15.171728554115605,-24.510726585434725
2001-02-01,6.092490348895361,30.658009327130905,-15.280192756546228,-23.072802907277232
2001-02-02,5.376903612106017,31.01874048410076,-14.674513135480085,-22.21276176225356
2001-02-03,4.699066089987549,30.94733064336352,-14.064888136189342,-21.931168911081283
2001-02-04,4.9375444789355365,30.846505824641188,-12.223009596315418,-22.132107414165517
2001-02-05,5.648626111853506,29.85128555074426,-13.306034720229258,-21.22726622421514
2001-02-06,7.086435279467573,31.221284250179277,-12.60665980524184,-23.24150828098331
2001-02-07,5.3846589884703215,30.408131577275082,-14.248573868643245,-23.247116724740618
2001-02-08,6.602268702055902,29.40816373405093,-13.847558788544426,-22.51857740207089
2001-02-09,8.320948228091599,30.916658519708843,-14.629698620463161,-23.3895246338263
2001-02-10,7.13461848037757,30.531221126132188,-15.406220776026025,-23.468649257772974
2001-02-11,7.285520799570894,29.58180416627798,-13.87481274564255,-23.998179632769713
2001-02-12,6.890095669670649,27.456387303084153,-14.641683539448552,-23.56697112725085
2001-02-13,5.093170508897993,27.349001073467814,-12.336438501098375,-24.435780281881495
2001-02-14,3.9167680576327566,27.507136662090467,-10.455485607947844,-24.911751197589183
2001-02-15,4.503336093497343,26.196259576607687,-12.460340212885606,-24.334265698868393
2001-02-16,4.12221966694328,27.213187402012192,-12.9194627187435,-23.17651688752305
2001-02-17,3.4273382126228737,26.77437252771751,-13.672186259359579,-23.67615045772986
2001-02-18,3.3873244671900897,25.502641008859964,-14.06374864904908,-23.58879495797452
2001-02-19,3.7705635374411943,27.13760281667717,-13.594853662019169,-24.296911007461464
2001-02-20,3.6662063695325746,27.966755864900097,-15.069419270127053,-22.53997409080247
2001-02-21,3.90750591285874,28.144368992965074,-15.29697082442812,-22.019069901921565
2001-02-22,3.943654580940043,27.627081514066646,-15.472579189910393,-22.608892630025764
2001-02-23,3.8124311117978023,26.53896655002481,-16.184878340793457,-22.778023882073995
2001-02-24,3.304818073516951,28.097209322484485,-15.676806544313301,-22.677401361736027
2001-02-25,4.538528314446522,27.188007546938167,-15.70910090246064,-22.028291039064047
2001-02-26,4.947186175771435,28.72201987295994,-16.540788111081053,-22.727570051640285
2001-02-27,5.952341943352179,31.105427483192898,-15.16841544568728,-23.171966263129946
2001-02-28,8.008662330983029,32.160084811482086,-14.803208725831466,-23.147822614984463
2001-03-01,7.409584341721969,31.83052316078045,-14.449035745515156,-22.80456738823688
2001-03-02,6.396252769455582,30.33520254781687,-14.656813485780848,-24.454854721832767
2001-03-03,6.663849418572181,29.48117185041117,-15.043334096604738,-24.00743076303459
2001-03-04,9.112231050696169,30.739897437161652,-14.899642961055255,-23.762323446983707
2001-03-05,9.363554408962878,31.664019769473725,-15.155263457848001,-22.82450448599183
2001-03-06,10.42226969796221,31.85071699408177,-14.11699648361833,-22.374763468593123
2001-03-07,10.200704685409955,33.36184107240858,-13.961113493300047,-20.161851061367752
2001-03-08,9.41025635982276,34.53135434302148,-12.453275782710357,-19.965517634171736
2001-03-09,8.587858232583486,35.61590225465376,-11.420007111988426,-19.467390612898512
2001-03-10,7.652241235864329,35.358767066520684,-10.884694333467491,-20.699959175169383
2001-03-11,6.164713854877791,33.666254655771986,-11.655298272094003,-20.487916260558507
2001-03-12,7.455110450964064,33.39059419569847,-10.548407745644663,-19.014519584648994
2001-03-13,6.986253393092809,32.72084831863668,-11.260964969576188,-17.61255953343627
2001-03-14,7.127008672457166,31.59977285157759,-10.217538011414643,-16.706562188049453
2001-03-15,8.355086877563913,29.423530119681764,-9.624963807639544,-16.698562885925313
2001-03-16,9.148280327640398,28.80935885037035,-7.724095550040763,-16.052905866366277
2001-03-17,10.270344846190996,28.56813126965233,-7.399021326052924,-16.778992346517814
2001-03-18,10.60318336606037,29.542140878579072,-7.174267292022551,-17.78888743281423
2001-03-19,10.64535252711176,30.284726073678236,-6.1641763834528795,-18.080870181005285
2001-03-20,9.595012739592978,30.069044994074396,-7.230705536896243,-17.008273315082338
2001-03-21,9.655490592743678,30.997935045774522,-6.456042951731592,-16.58020682711503
2001-03-22,11.968103085221234,31.570798140004193,-6.680101930096991,-17.473000378770497
2001-03-23,13.162274345210296,31.5634776474219,-3.352846141466968,-17.055874916423654
2001-03-24,13.584965596599796,30.697196414387722,-2.0684561191698405,-17.84149552857053
2001-03-25,13.7793064122092,31.089551277181542,-1.9234229870810038,-17.636261804131546
2001-03-26,14.515742349221918,30.626462342245862,-2.290960546358046,-17.693789048807886
2001-03-27,15.733875459968589,30.694158833199044,-2.4944992630448755,-18.29927381478183
2001-03-28,15.295846079537997,31.74566735440004,-4.205228253446294,-18.042003835011574
2001-03-29,16.685592227192178,31.926900947118856,-3.056308254314154,-17.73140073370852
2001-03-30,15.933497330516138,33.63252691501406,-2.6514809719842027,-17.973699447606826
2001-03-31,15.745643261459115,32.42812429641449,-2.375434784221193,-17.662517915211602
2001-04-01,14.930500608598265,33.49934902948337,-1.6095576304353103,-16.60753860583989
2001-04-02,14.186792775681804,33.1195764548572,-2.0510836895354823,-16.284119515199485
2001-04-03,13.27320373280044,33.06696379166081,-4.0589804071496225,-15.417203619434465
2001-04-04,13.122212453727151,31.921251638210332,-4.210233419245463,-14.762592883374927
2001-04-05,13.804075917842447,33.75082319547255,-3.6439497194254624,-13.058590598595758
2001-04-06,11.651225874144954,32.778701713312486,-1.0638750744444199,-12.71494710151168
2001-04-07,11.855558985275426,34.27234214707743,-0.9958666534281603,-13.447475454003488
2001-04-08,12.031967651342825,33.79739660190865,-0.4376823462124023,-12.743353738648524
2001-04-09,12.04728756064325,33.1556339363232,-2.303448237244568,-12.684983314618627
2001-04-10,12.63435708022568,31.661463480986836,-2.376163508687574,-12.991247178265942
2001-04-11,13.841215511293674,32.38014567062028,-3.061605939829837,-12.752238782552649
2001-04-12,13.776453364058208,32.458537518166075,-2.0984428472196006,-12.728267951299353
2001-04-13,13.862913254786005,33.84546981350823,-2.330921863961759,-12.197651929321406
2001-04-14,14.46310906751709,32.47184123693651,-2.0133294164753845,-12.638989025412965
2001-04-15,14.079514276362188,31.610149240661606,-4.563872663711893,-12.41390730787256
2001-04-16,14.163885233033861,30.095650447282395,-4.073513806363456,-11.364265442973949
2001-04-17,12.77368699769924,31.737430066618327,-3.779789324732538,-10.857925752695607
2001-04-18,10.753656762048351,30.96846614418813,-3.9218943119143996,-11.265576455285922
2001-04-19,11.267892790791064,28.474294078946386,-4.161777897225785,-10.70385575973152
2001-04-20,12.432656451696719,29.244996479595184,-4.857658898802638,-12.203047259306485
2001-04-21,9.960063246516123,26.86888208693048,-5.165984794051715,-10.924468528621102
2001-04-22,10.268037203318759,26.494110510439146,-7.134648078471101,-10.601658557353728
2001-04-23,9.658789516502885,27.488545304114872,-6.321946417545964,-8.764674055550692
2001-04-24,8.59247315523823,26.20470599877066,-5.327633524859638,-10.519679313145637
2001-04-25,10.26648151009234,25.459079646603662,-5.411111452788352,-11.255057217038523
2001-04-26,9.326565367868739,25.187890018049718,-5.058282515639605,-10.784635600336706
2001-04-27,9.551306541028547,25.1600815011391,-4.818899568631251,-9.885722922850691
2001-04-28,11.067028651217178,27.09222029058227,-4.88053109916608,-10.443013962302185
2001-04-29,12.86780516412502,26.722684844918884,-5.3070776730315545,-11.996172545947811
2001-04-30,13.733015371487399,26.977902221289433,-6.059834831784358,-11.641200660657239
2001-05-01,13.641329792626701,25.598223522192455,-5.681026676609945,-12.622520150055331
2001-05-02,13.969680998858733,26.27136583722533,-4.572795013718594,-14.090964006813945
2001-05-03,14.178889326014874,25.231436660245308,-3.0749006793485036,-13.856877607989338
2001-05-04,14.163711410069556,26.479027022280427,-3.4355049017517683,-12.442522737704746
2001-05-05,15.025859600197926,24.783935654599162,-2.800219415625569,-11.21458321638883
2001-05-06,14.063530838320379,24.01477944754496,-3.030457262886818,-9.404313275413339
2001-05-07,12.963821728301978,23.492631978274197,-3.0123893804003177,-8.529681286728197
2001-05-08,12.312475018450467,23.63882943650213,-1.0574332875016106,-8.714586110624637
2001-05-09,12.498988430261928,23.717764764987596,-2.4247443647274043,-9.630730539627757
2001-05-10,13.160566348505021,23.76910438991707,-1.8261201016920685,-11.435946301290143
2001-05-11,13.815906466591995,22.851703834256284,-1.5512878731186044,-10.84707534818897
2001-05-12,14.47510390958534,22.6102609760903,-0.03756589388185283,-12.051637471281575
2001-05-13,14.981834915766187,22.004510061662423,-0.42765875578431106,-12.892784641591602
2001-05-14,14.900271633045078,22.95879572432881,-0.4575801108124449,-13.026839876282134
2001-05-15,14.100218273105725,23.080469948240644,-0.09986175118276436,-12.684082305604672
2001-05-16,13.555122140784816,22.874822856062842,0.7317926277855931,-12.064891649663842
2001-05-17,14.359742561993684,22.832031867483217,1.2739330119427894,-11.136420826349191
2001-05-18,13.6135617313231,22.862477905986488,0.8147983983045064,-10.199065455516577
2001-05-19,11.05147085641111,23.812216081554176,2.297131092190063,-9.079637764891245
2001-05-20,10.94518056534316,22.48052724336786,3.029001165406785,-9.927072992899255
2001-05-21,9.835002967050453,22.153961715531953,4.3107468865462435,-8.150302199082134
2001-05-22,10.806267747242577,22.328729919269968,3.2976554426292823,-6.95577593237771
2001-05-23,11.897488336106912,23.074804972080383,3.2348777458938787,-7.640037990562691
2001-05-24,11.941793881133439,22.901565478989518,2.0251587138999048,-6.653062126666779
2001-05-25,12.139671508831835,22.512131311719706,0.6339470552360831,-7.1165559532172065
2001-05-26,13.039360908829511,22.25224136645858,1.274463575447165,-6.284338714310691
2001-05-27,12.433395779533967,22.405493977342275,1.480814495681606,-4.658280016632916
2001-05-28,11.853051299266708,23.885039515678386,2.34866100228139,-6.299996735786604
2001-05-29,11.810153909345368,24.906222488843895,3.6152782477915872,-6.7611014379016545
2001-05-30,11.552415365119684,24.58677051448468,3.0519224803457163,-5.241429338669329
2001-05-31,10.676404683504137,25.128075478366863,3.5691564816261554,-3.721139108723455
2001-06-01,11.929319625002442,23.9780546895605,4.545262111549889,-3.9581367843916406
2001-06-02,12.285405229564205,24.196515324947722,3.728786454265372,-4.754740516239535
2001-06-03,11.911389051754842,24.953551144318176,2.463776637330507,-5.696459720379811
2001-06-04,12.344877409524843,24.80025520976577,2.42929075913221,-4.591247932757682
2001-06-05,13.861130443258112,25.378150259595685,1.510888699026568,-4.247996719212182
2001-06-06,14.927489563015365,25.62030869190579,1.3799240851203571,-4.908720869035452
2001-06-07,15.367319480253144,26.086172524126177,1.991524062080242,-4.285674262084919
2001-06-08,15.944536539538753,25.607186925263665,0.9073765105928231,-2.6666838314955568
2001-06-09,13.065149633643788,23.801940752452488,0.045373982218936515,-3.754539522064142
2001-06-10,12.600043284150754,22.92249328317497,0.45541124549844664,-3.0351563926471927
2001-06-11,12.40720808334545,23.13615367837855,0.2096772942137972,-4.047341825107976
2001-06-12,13.218180851183948,22.777141663075177,1.8532413787883568,-3.7429537220623557
2001-06-13,13.533576025545221,23.341191286281298,1.9212101747547818,-4.58523195989151
2001-06-14,13.253688530843565,25.069270033033735,3.14818814673289,-4.835657140282304
2001-06-15,12.024672221996621,25.518776019141477,2.3056777996834,-4.994421625803144
2001-06-16,12.541888199686237,24.420250507041914,0.6288716373209362,-6.898331821844341
2001-06-17,13.4972303915048,24.846326302115184,0.278771477561463,-5.847750936390458
2001-06-18,13.307337938210587,25.969469536707628,1.2236927211101256,-4.567332558677174
2001-06-19,13.838353792918477,24.13982768770062,1.2435776030554602,-5.26906592741215
2001-06-20,14.482656381145555,25.404244147815675,2.152958131690597,-4.0107071198122535
2001-06-21,12.943161387027242,24.513210352196356,3.2208472160567183,-3.832462912464821
2001-06-22,14.110217861061379,26.316367485397805,3.263354525070262,-4.3825475877243605
2001-06-23,14.988754193337087,27.310484712842957,4.1443844245286225,-2.9703300017297134
2001-06-24,14.731159506275016,27.702810659062656,5.684112979900592,-4.451862078644187
2001-06-25,14.101190946885822,29.224842413638676,6.603661957336193,-6.0471234730331735
2001-06-26,13.663211917688374,29.910232959052628,6.453983141503856,-6.119953850952592
2001-06-27,12.107239025585441,30.48909547697179,6.443695164838996,-5.498825621949404
2001-06-28,12.250722733165336,30.124679115146968,5.3235690377524065,-5.5623370318094425
2001-06-29,12.183034604740932,30.605409153042743,4.529569251159163,-3.5760877078448416
2001-06-30,10.792560290874277,29.82930454688892,2.730656153813184,-1.8734465319365974
2001-07-01,9.641982454233323,29.588032022698595,4.48069640060671,-3.045543773269675
2001-07-02,11.027723834622273,29.42458214148454,3.323530459672333,-2.903676720637477
2001-07-03,12.58035316733562,30.38185488300215,3.02898342714402,-1.8804075839217653
2001-07-04,12.573608749825858,30.804059994644522,1.4791703623970027,-0.051235589876923227
2001-07-05,11.87301159955599,31.353220935688213,2.5785204125959886,1.3926415097006188
2001-07-06,11.294177778710282,32.78196461217827,3.6369786349993483,3.539209811416695
2001-07-07,10.953812343177164,31.10915787377014,3.727765351965995,2.738717886643083
2001-07-08,11.70336861152695,32.27883545682118,3.376517190615217,2.8803087793483138
2001-07-09,10.725752810557191,31.70057900878148,4.41903062160889,3.7365133563495574
2001-07-10,12.424723867383284,32.57990893415741,4.5609748300401,2.962027779621708
2001-07-11,13.142153602311208,33.29358055772581,4.474673519559614,3.4424201881402445
2001-07-12,13.274488731132566,35.20287167644724,3.8382700133007694,5.219592808107323
2001-07-13,13.186578397600067,34.29960366756631,4.254695905581266,4.923184250562928
2001-07-14,12.84269860691242,35.856300052346526,3.273392507826351,4.719020553865732
2001-07-15,12.110996538965276,35.48693273405273,2.852072933718252,3.7427099035426483
2001-07-16,14.802149875772548,36.410148827983356,2.321180518108812,3.5684005849628817
2001-07-17,15.375301700849299,35.08214399982619,2.49175915696433,5.1573547676035885
2001-07-18,14.6429444746394,32.45919906733982,1.1225784164247092,5.19151253616832
2001-07-19,14.949718796341523,32.63815886754067,2.5351117707146953,5.757340237487572
2001-07-20,16.695415521422383,32.439688584006234,3.068779961704416,5.878387941337328
2001-07-21,18.049463486089987,31.59014754529943,2.0612654953635743,5.324743301567311
2001-07-22,16.537341758203787,30.859130494601963,2.5997956892298215,6.318287838959329
2001-07-23,15.963695487039628,30.143797261099415,2.505876413031049,4.119845810665428
2001-07-24,14.461292603043487,30.92700464474662,3.552557286624445,4.254810195845727
2001-07-25,13.92693124221633,33.3888849876459,2.7256144682397805,4.401910410194997
2001-07-26,16.731136215388187,33.120321475944735,3.812773337613013,4.861006007072382
2001-07-27,15.886654085880467,32.30209655900526,5.323926490986371,4.242700295485744
2001-07-28,14.98943965892547,31.763143187023335,6.396288373927557,5.96724409477147
2001-07-29,16.67535828410346,32.90852589520063,6.3035913133891555,2.745515005349594
2001-07-30,17.713473011220565,31.63815914302455,6.0184067582145415,2.116701183401744
2001-07-31,19.02866800741568,31.666890658343558,5.048887256408504,0.14202909929879715
2001-08-01,19.584360722271587,31.002622602356627,4.791693411831613,0.22062384072101932
2001-08-02,21.817590186531007,30.011784714070277,4.869487506007443,-0.5646494626870178
2001-08-03,22.920711166363585,30.163372576300898,4.311994289054312,-1.1133372383482745
2001-08-04,23.552031970727302,30.360667323840822,4.448633270452336,-0.8150151919269408
2001-08-05,23.357862325755182,31.099807178123168,3.443341600890127,-1.1595902848301454
2001-08-06,23.24862362049264,30.560180059295583,2.7742581608453305,-0.8450814912612801
2001-08-07,22.89474948363137,31.0665148502002,1.1371122747551248,0.8693603035571111
2001-08-08,23.19727796207536,31.683559883356136,1.3488673748977271,1.2987450562520777
2001-08-09,25.21404839648691,34.93295379186551,2.5151187692943564,1.0586123107926455
2001-08-10,25.786425899619775,34.882856639987885,1.8890533313206699,2.137042326550107
2001-08-11,25.77617204238303,34.452947915631654,2.0134701398134944,4.458916245094221
2001-08-12,25.849131177263015,35.3457864213985,1.6337611269105956,5.559782827637321
2001-08-13,24.98385075959492,35.38602110046465,2.2139464126576227,3.7899190344740417
2001-08-14,24.284893682216197,34.83753499675721,1.6799844172014606,4.580444921283213
2001-08-15,23.804261679539245,35.88681734690065,1.7402737916622133,3.021643087541089
2001-08-16,24.983625900524356,36.75990013413692,1.060731837871038,4.729962268935097
2001-08-17,24.960811190390388,37.47187822028261,0.7272579267810217,4.201839224065234
2001-08-18,25.46994358382425,38.14363851377687,-0.609771832829719,3.226074735476406
2001-08-19,24.836230455718038,38.977990808299104,0.8118188459240703,4.211272192283384
2001-08-20,25.804824018131857,39.06842428686675,0.37277815162897254,5.035418871249099
2001-08-21,25.508398297348563,39.247597119814046,0.06586649440773357,4.851296953721092
2001-08-22,26.39015107836666,40.3392611597853,-0.7355869548500986,4.956249245122965
2001-08-23,25.96544150810563,40.29308705164173,-0.1685029389773608,4.302924921459477
2001-08-24,26.295405853287345,41.470863620406135,-1.1236464574877032,3.417331531470748
2001-08-25,26.323630306686564,40.9085398173401,0.7313040187387778,4.061529097631873
2001-08-26,26.5404922899346,39.55207009266279,1.8226172026950633,3.440077624320754
2001-08-27,27.832870536914413,38.04702844074478,0.9806660178757196,3.589008344373139
2001-08-28,30.52898729964778,36.43436134672465,3.2135972117327496,5.3916425361639835
2001-08-29,30.992079784645348,36.79844432286935,3.9252474730904017,5.03178805901775
2001-08-30,31.73555149195142,37.376455091286545,3.435021985461609,4.102931285684339
2001-08-31,33.22106028222942,36.35112455232544,2.8887337822426384,1.928760230656958
2001-09-01,32.07969583039943,36.83648108987417,3.981802850861034,1.5096765907738454
2001-09-02,31.08801935672537,35.31581239669029,4.745401229116543,2.129346977868509
2001-09-03,32.1334852105725,35.370731478794724,6.282850612981935,0.1682995817980284
2001-09-04,32.996631998838076,32.818855131977315,7.42184129486543,-1.4252701600350592
2001-09-05,34.21332065250071,32.833858866468766,8.081468401649948,-1.6702644874139612
2001-09-06,35.00911651976932,33.26047908986716,8.491461050653038,-0.8792532124599045
2001-09-07,33.69030038725974,30.494097708884592,7.595988163885314,-0.2590404656794958
2001-09-08,34.15941556257658,30.171982503921793,8.31714182995454,0.5095646253429746
2001-09-09,36.02454853225139,30.85892946056211,8.151479920659686,3.142802072174537
2001-09-10,36.24515564803031,29.71123344226379,7.078810230363498,3.594829458095891
2001-09-11,36.204140665794256,29.619168316916582,5.896925805779373,3.8328704484965983
2001-09-12,35.768393784478825,29.077042024978166,6.944882519816037,3.7047346669201273
2001-09-13,36.06520677919172,27.610597501144277,9.427821756824413,3.593725655394077
2001-09-14,36.36188768558123,26.80968158456617,10.816310812577921,4.603812559785025
2001-09-15,37.07829117262549,25.959372172440386,10.803448129278197,5.715490823972247
2001-09-16,35.98712934281127,25.56602226239357,11.571708580054288,4.833639765055187
2001-09-17,35.907565598365686,25.724703277414598,12.496473333583392,5.148907361889755
2001-09-18,36.31546677122932,25.653700599936005,12.760017153738772,3.2495822421358143
2001-09-19,36.376725816679574,26.24625858502297,12.078590746763727,1.5937219720530278
2001-09-20,37.81254194320492,26.086043214539636,10.931156031322821,1.9140664767261593
2001-09-21,36.176276823367374,26.065459652296266,11.172862356359412,3.117294553863558
2001-09-22,36.38949014817319,27.5353270861919,12.446929953895244,3.810358494804916
2001-09-23,36.27481486479245,28.229480467788534,12.649620652809153,3.091617965152126
2001-09-24,35.165809357458954,27.615455551417217,13.252622969977462,3.549263188450717
2001-09-25,34.78714614098787,26.717050044240903,14.07935532810898,2.705204727010446
2001-09-26,34.21451424961915,26.65918368294956,13.18851474214319,3.7999711228395117
2001-09-27,34.54294085783034,27.505573423744536,14.23431955950687,4.496098017334574
2001-09-28,34.83620893823349,27.770664667941986,15.688740716428317,5.827194408515686
2001-09-29,36.628836106645494,28.828758346154594,14.791882365643298,5.889498966380123
2001-09-30,38.48872815541069,28.95428649332894,14.260866681256607,5.5076971936321915
2001-10-01,40.47484689487511,29.87176302294671,12.8034867961703,5.641578480563415
2001-10-02,40.418560845601405,31.272212618677685,12.058758885794704,6.269193525524782
2001-10-03,43.031504219704104,31.23630525542773,12.99309031989991,6.741988522650338
2001-10-04,43.21400392390827,31.727593409485443,11.535898794286279,6.507996585960728
2001-10-05,42.778888805474104,32.52917369535393,11.481811537501471,7.414020097153461
2001-10-06,43.02764432700322,31.80078336602656,11.090824891540905,6.588980198536476
2001-10-07,41.49217911960968,32.045047832887256,12.998891082795787,5.924744911475241
2001-10-08,40.857888416488194,32.080881900053136,13.17023120370066,6.343164560350904
2001-10-09,41.11945141793281,31.149471112118064,14.089880781948105,8.291030360147406
2001-10-10,42.41120020962119,31.999474249908893,13.936713757802899,8.682763907363679
2001-10-11,43.121053129773166,32.20359576968602,12.167931860068476,7.066916336934418
2001-10-12,44.422534395243204,32.362957835827075,12.587647492484694,6.404402451712963
2001-10-13,44.20014057471592,34.244300066588394,13.447004247507925,6.859244555256701
2001-10-14,44.06281941174569,35.07961887544761,11.988227039257506,8.72168869274451
2001-10-15,44.348041676222024,34.885513711490475,12.41327467471686,9.725970937284687
2001-10-16,43.508206333004225,33.85549802210811,11.819990042718997,11.081511870846716
2001-10-17,41.1297157179195,34.55706207238736,10.559708684366928,11.284375981075717
2001-10-18,42.078302682324484,33.89026754797628,12.13990230560436,11.882859119831028
2001-10-19,43.11633251644462,33.618496465971354,13.206854301437213,10.827815865470987
2001-10-20,44.601167313645895,34.890691623560734,12.833573816964247,12.003606849546683
2001-10-21,43.94097999349058,34.649164051837566,14.341864600821033,10.726635233011695
2001-10-22,45.36874066800664,35.058747339113836,15.138948534268472,10.363013449478677
2001-10-23,44.453092100326046,32.927588698448226,14.003928210022952,9.371595718873515
2001-10-24,44.34138700487116,31.869709354723327,14.596921012473699,10.686064643288878
2001-10-25,45.299685757560304,31.78184701942071,15.271049551929874,12.058857371489088
2001-10-26,45.48940826224886,32.29326196380623,15.233386452198204,13.079596613634255
2001-10-27,47.95353256633003,34.36451854216987,16.50893927797155,12.098515594271795
2001-10-28,47.42983113665313,35.027739290196706,18.443769729119445,13.23568940048209
2001-10-29,48.02218816406878,35.70335595059675,18.453177315787592,12.380828388617068
2001-10-30,47.4490461870192,35.74128531004535,18.339372414667572,12.904174686299081
2001-10-31,48.49352013489925,35.50616652018374,17.662934443496393,13.995137655239184
2001-11-01,47.06749959870147,36.46503226201822,18.039042549855765,14.54853350373163
2001-11-02,46.766122339292124,37.13099282905412,16.025612161445874,12.763292922335129
2001-11-03,47.74497030553873,36.82497192794192,15.324940969727884,12.946633403671783
2001-11-04,49.37032842527026,35.58282883263379,15.27388389337713,11.976495613434228
2001-11-05,49.8226707797836,34.41859805883799,15.667936541556491,12.784695764010788
2001-11-06,50.326777131414836,34.696421621348044,15.40771098410964,12.641374110234155
2001-11-07,49.69472100514413,35.064213214116734,15.605626918823935,13.074702778128186
2001-11-08,50.19449119554468,37.12279728015574,16.660311455544644,13.542295538572638
2001-11-09,47.0315716134924,38.03169575029364,16.339208707042403,12.76707138229124
2001-11-10,46.21986538731812,37.06596354533281,16.41252752039341,12.786633069627438
2001-11-11,46.00695486292607,36.3557795853864,17.739754849107975,12.445436178865442
2001-11-12,47.22378080957507,38.015236192974584,18.315359187661777,10.213701343390051
2001-11-13,46.40648288885714,37.42394476971914,18.183190288947365,9.708526375761531
2001-11-14,46.12405853296993,37.551177137831644,17.870692530179277,9.837088222909951
2001-11-15,44.55691824104024,38.14036893750802,18.284334068974506,9.644928153054932
2001-11-16,46.26974422848056,38.697703065753856,19.623572271064127,8.676381326793159
2001-11-17,47.0046038015872,40.072146002671055,22.06390357120845,7.9444846579764565
2001-11-18,47.87595712965535,40.07563081265762,22.102209095888682,8.803992374983997
2001-11-19,48.17620174093856,37.938738854471374,21.690511167689266,8.859130591883007
2001-11-20,46.0567358008471,38.62752910173158,21.305686934063218,9.238111166643678
2001-11-21,45.83237817418948,37.31438280932456,23.945035803724117,10.244375006580393
2001-11-22,45.94440706688284,36.19124852976621,24.27704249639757,10.744257242779774
2001-11-23,46.99619619396121,36.811659083257,25.572728151353864,12.070450533676116
2001-11-24,47.67443074858179,37.435220122248985,26.62056496140966,12.190175741459482
2001-11-25,48.20111374296286,37.13408626516201,24.709377623963768,13.499276949568376
2001-11-26,48.47394370833441,37.759773700530644,23.32183090376507,13.288042942758914
2001-11-27,50.66914498451672,39.61749328458203,23.3597216768039,13.552391026517236
2001-11-28,52.24125452455547,42.223052102362814,23.827211317628525,12.798627266983013
2001-11-29,52.38758017696237,41.87669559939772,22.96081249437643,12.34381191313942
2001-11-30,51.64725666774814,43.7004574482633,23.24515786798059,13.292531250193951
2001-12-01,51.1421326153484,42.55279131270592,25.223618623859466,13.074030274989443
2001-12-02,50.8461234007844,45.301847692740395,25.371615627673272,12.398725907667387
2001-12-03,49.52014627122207,46.42934944007454,26.282693973686715,13.084222826648267
2001-12-04,52.146808408069475,46.91117056728933,25.552363081330142,14.254987622180339
2001-12-05,52.734253430577475,45.83641368495132,27.0806007619838,13.637385895794823
2001-12-06,50.31229949911963,46.22032449483162,26.361661150652562,13.358326306706617
2001-12-07,50.60190463348393,46.07286922851538,28.432479490040045,12.217550206617524
2001-12-08,51.39549583296132,46.78179290460405,28.79753209703947,11.044302358078589
2001-12-09,50.67760410110056,45.11833846424571,31.646599690705674,10.835476531999614
2001-12-10,49.201084316965776,46.546984812606944,31.646153676725774,11.53867949512027
2001-12-11,49.56568455876969,45.77971935727278,32.583413883158606,11.476495943656195
2001-12-12,49.96384824332996,45.26112663844024,30.418771936361,10.622827614602688
2001-12-13,48.727469784810964,44.7244680894935,30.238515713545272,10.945613603303809
2001-12-14,46.29276279405267,43.7582545826998,29.5962905355506,12.59073132801444
2001-12-15,45.55299431405205,43.72217230829603,30.587015880768867,13.583598167022608
2001-12-16,45.36036267900829,44.83384092783659,32.81593688573825,14.79130425927826
2001-12-17,45.659680672674384,46.02665503139684,31.3304868749854,14.740842709756913
2001-12-18,46.474900603996225,45.42416441933405,29.847327882237877,13.413250065379323
2001-12-19,44.90485651461006,45.73411952132063,29.667495222874837,13.323531097336499
2001-12-20,46.23839051066738,44.34579148673308,27.352429424167827,12.995314129876496
2001-12-21,45.3020122746538,44.542992509131636,26.165781575104933,12.169654139042368
2001-12-22,45.18957432973137,43.76049630964294,25.499483640163575,11.19164121906648
2001-12-23,46.77817293254034,45.72874027192713,25.185058613066435,12.680805941678399
2001-12-24,47.150480892868224,45.84185880948076,25.78093034139927,12.86487915867472
2001-12-25,47.246368775944276,47.71241435546949,24.08452370368182,12.050674066163829
2001-12-26,47.4631475595947,48.86678813505754,21.73866515214759,12.292504898553593
2001-12-27,47.139817023398294,48.34414357192766,23.68784650657784,12.427840488395027
2001-12-28,47.23402723553155,48.14756421746312,23.966304341710813,12.684882739012801
2001-12-29,47.69584241265144,47.83188865287205,25.944849152741018,12.007938576789487
2001-12-30,47.049821324845915,48.42244618107465,25.340122252022887,12.031132210056688
2001-12-31,46.60688894987016,47.443260782535724,24.528298690332207,12.475881659047753
2002-01-01,47.1881662406949,47.272609306969464,24.416024762941376,13.405595571583527
2002-01-02,48.11594117077733,49.62901965612824,24.223115497157707,10.998655832857736
2002-01-03,49.39997734045989,50.01492912596034,23.320017437094535,11.827415535857503
2002-01-04,49.277703624275745,49.79052383725109,21.48513281585364,11.103728357449622
2002-01-05,49.2100769023738,49.71034027786517,22.881254670499796,12.03408419604799
2002-01-06,48.78932365599736,48.28838751925353,23.131661846735355,12.464818714373093
2002-01-07,48.87358390191612,49.786585738685616,22.24988992351013,13.08107143863118
2002-01-08,48.14672459096101,49.90054374830978,23.068455841304246,14.331355157781248
2002-01-09,47.51115625359122,48.71764014063899,22.610409970618235,13.863748292834172
2002-01-10,47.082688061148595,48.90749835448056,22.767056925081118,15.311838942719724
2002-01-11,47.425326014560014,49.075657301588116,23.348765133754807,15.053199585319051
2002-01-12,47.39936793029866,48.87556797886163,21.776715487376663,14.067490962938091
2002-01-13,47.840407445244516,50.0176947933424,21.445883845387915,13.475019710441519
2002-01-14,49.39459069333472,48.933468554158935,23.104141166705634,13.082431114334204
2002-01-15,49.17435268151666,47.03659653686038,24.40960961043179,14.158036425125712
2002-01-16,49.447753005020886,44.8631821380518,22.506225681029676,13.737441517291659
2002-01-17,50.44761443528422,45.50386545191675,21.97010441316462,14.354473270471546
2002-01-18,48.90912473820525,46.07829040311024,20.62150839695556,13.37745124164091
2002-01-19,49.511110557054664,45.731335370586855,21.636486921933,12.45150643554906
2002-01-20,49.66178936268392,46.88045129701645,21.293342894702484,13.94117185198569
2002-01-21,50.986792676755066,46.86368075489678,21.97741984277294,11.93303554742113
2002-01-22,50.84581920020191,46.993941221559474,19.89785256183272,12.888153834031861
2002-01-23,49.86459240586651,46.463281689447584,22.5462117071209,12.202489082997385
2002-01-24,49.5373100691436,49.005890826489164,21.62522777932379,13.054667092123653
2002-01-25,50.57875546672348,48.88303053788911,20.188100339579755,12.924568208480471
2002-01-26,51.32908644187924,49.25148066566365,20.449378069489697,12.499897401487763
2002-01-27,50.54389254523603,50.894180822669156,19.950725510589354,10.731269295734258
2002-01-28,50.13101615003831,50.068036855928725,18.533587032624943,10.073413663949433
2002-01-29,49.44804452344431,50.02613169830533,18.991618293222448,12.039087221658116
2002-01-30,48.868327127753716,49.94314224254868,17.380835046325174,12.899126435138143
2002-01-31,49.658074642445314,52.330187137343586,16.513267306918543,13.669470167508704
2002-02-01,49.70842065639233,50.20661820468483,16.750579151461345,13.053876005220026
2002-02-02,48.408755953727216,48.65380286012444,15.398589536009485,13.531560664850602
2002-02-03,47.92014275581812,48.401402912349155,14.033793974761522,12.686546698894436
2002-02-04,48.45471301254742,46.936324299969066,15.26468007847209,12.284657363232025
2002-02-05,47.826692593459,49.006364510515056,14.655637546224952,11.365480634144149
2002-02-06,48.43491377204244,50.100117715729105,15.02701543746481,9.997280088069717
2002-02-07,49.03961105860746,50.84274980414211,14.872946389173926,9.67969108990562
2002-02-08,48.901662171197614,50.94807090383691,14.856181491997889,8.427950420723086
2002-02-09,49.01421479966751,49.56237040255245,14.771006118295743,10.13129939487889
2002-02-10,50.081626120870446,48.550209753366076,16.031023583471956,12.711036168846896
2002-02-11,49.5671477131582,47.48787631679411,16.10216492853896,11.621173712537182
2002-02-12,49.5576354059168,46.275995524183564,15.956672118832838,9.828937518181183
2002-02-13,49.303591672443574,43.956647901273264,15.95531577987513,10.615064877268237
2002-02-14,49.55657331259891,43.94679372194108,17.335308489938996,8.894748981245254
2002-02-15,48.22952155091056,44.21513233381345,15.61760631402716,9.565528375821975
2002-02-16,50.4886356076745,45.38966842346683,14.897090412623633,10.077876435805358
2002-02-17,50.14764106051065,45.611111797551196,15.563337369438145,12.073117740397993
2002-02-18,50.814867154149766,46.18721872063598,14.669089891243306,11.984228399732453
2002-02-19,49.578195528175655,46.08537958213954,13.908400690009032,12.703339504384752
2002-02-20,48.580505124653904,46.397696984001335,15.944975871669827,12.131237396477808
2002-02-21,49.99634301319397,47.750543751578476,16.74343925760054,12.601673239516105
2002-02-22,50.77762575527158,48.46868365574748,17.299313500039897,12.611736431903914
2002-02-23,51.639171665796475,48.39656588731827,19.233575218331946,12.983487040077026
2002-02-24,51.44578222566505,47.343098649743894,19.60088673990653,14.352829609942457
2002-02-25,53.232748035209305,46.71210377712231,21.462652581817775,15.712246455222772
2002-02-26,53.277410417303976,46.58765051469497,22.31493718646209,15.430213006627113
2002-02-27,54.16633759899609,45.79626196100124,23.386257627478795,16.50031628177873
2002-02-28,53.57843268480932,47.75849437558919,23.017707653917032,15.848991944315447
2002-03-01,52.66237323037364,48.17407604214931,23.028516676409215,14.153168751517962
2002-03-02,51.649838467544974,48.55006353973516,23.03293782453138,12.516287978636818
2002-03-03,53.48340253518421,49.5213941917658,22.055938529698146,11.882843828737318
2002-03-04,52.99580933094681,49.45562392849136,22.22208363062652,11.303900195218732
2002-03-05,54.504195580903136,51.646397429607276,22.108673322569576,12.012339290468287
2002-03-06,54.78690718740365,52.11767193196727,22.346514337491755,12.62044239171631
2002-03-07,55.96540216559446,51.7820577138635,22.600962697367645,12.404207938872887
2002-03-08,55.578733641317655,50.82554861034054,21.977853022813466,13.03404696964226
2002-03-09,55.33871557009926,49.1339916179169,22.59583910311728,12.80244831949881
2002-03-10,55.71371854694687,48.43147342817614,22.38519253864463,12.042839727912146
2002-03-11,55.86187145129064,49.07256230303329,22.178667227822203,10.785347579640346
2002-03-12,54.93625939713266,50.90958280700677,21.559431734078043,10.705843322699195
2002-03-13,53.90820096655216,49.376307779303744,22.537840588775275,12.761949506214528
2002-03-14,55.08514744268749,49.41562714002794,23.241229478671748,14.048664214923004
2002-03-15,53.79677777460312,49.008801801090414,21.881419141743503,12.596360544225549
2002-03-16,53.258751033603694,49.34816741075678,22.315038051896178,10.534608018081334
2002-03-17,52.05495515984184,48.89379543585793,20.405583462852317,12.04588200981879
2002-03-18,52.508052298492764,48.90298523986363,21.050373425895046,11.4258238788041
2002-03-19,52.09518826781414,49.97438451433512,22.68460909170213,11.48711130952633
2002-03-20,50.652702064918955,50.418631106062534,21.790799082556575,10.414615292835164
2002-03-21,50.11399324638807,51.93813285463139,20.074644820487705,9.482273809812337
2002-03-22,50.295336293775094,52.712083464855404,20.255220837118387,8.454048916535621
2002-03-23,48.756190585701475,52.088698404887246,21.36169228727823,7.438883226997784
2002-03-24,48.388049548846844,53.72997797888657,20.142418116345187,6.729858062438329
2002-03-25,48.50765885693755,53.141108113588075,20.218827068442646,6.3236279730436795
2002-03-26,49.83140212257245,50.7852827044008,22.429431912390385,6.788734330030144
2002-03-27,48.764023685643515,49.60233991936018,22.93873441436365,7.8934708958967015
2002-03-28,48.700458239495866,49.7740033323297,21.458196036899356,8.176920508348005
2002-03-29,49.58068315284707,49.197577009302094,21.43835502328332,10.999160972476197
2002-03-30,51.35215372579699,50.49962657060878,19.971862065511132,12.900848748844599
2002-03-31,51.727954463494996,49.86223334203629,17.773064381175406,12.880677134302369
2002-04-01,52.60667847580797,50.715504932207686,17.520242947499362,12.765394138065682
2002-04-02,53.563283368458976,51.70610345469542,15.701482786971551,13.766600122729603
2002-04-03,54.037013481989824,52.72180208134175,17.110376712042576,13.057237120517318
2002-04-04,54.45844346302315,54.310729667062006,19.232843589817143,13.759386076825974
2002-04-05,55.57378358031757,54.69691261039171,19.050496709503857,13.311599083985755
2002-04-06,56.14666138890152,52.31041243236604,18.476037425411914,15.17543921018659
2002-04-07,55.41827601328813,53.360432096608506,18.91117525052034,14.114204123376524
2002-04-08,53.84685854503887,53.86586934778371,18.437124033395527,15.470053554936541
2002-04-09,54.67024470290779,54.75376077846321,18.08365189239118,13.282686072067454
2002-04-10,55.90585970576689,53.52122821871896,18.527417983473587,14.34830614074549
2002-04-11,53.95132128570947,53.67029217135841,18.102938829455198,14.960938066668682
2002-04-12,51.46687599193139,53.93304440302888,18.18222164569029,14.561523925869116
2002-04-13,51.16923201406724,52.51678112254205,18.092366267415212,14.351581836025298
2002-04-14,50.80644187833588,53.04522474621155,19.07251513958065,14.036082578405678
2002-04-15,50.47013666924957,54.41163799277109,17.90837156548624,12.678454963371067
2002-04-16,51.79746882284355,56.67794791241736,19.22610163281612,11.53969973630213
2002-04-17,52.80049514368898,55.696158067179034,20.120448151561654,12.787743303025568
2002-04-18,53.09622758382289,55.315894764238124,20.432559005769274,12.210752019110425
2002-04-19,53.41178897546837,56.015656561790664,20.2962313540261,12.867611161415866
2002-04-20,52.02354054419491,55.966861812403145,21.099461103429775,14.29409685430788
2002-04-21,51.347746775750885,55.52973838483712,19.959112185198585,12.47690821505511
2002-04-22,51.37584042803349,55.75155336591767,20.24730663777374,12.208965952122707
2002-04-23,50.945871421024265,57.08120405065784,20.132982929100272,12.528272290507482
2002-04-24,51.573366628742235,58.88271953754659,20.1665293431352,12.760177344747518
2002-04-25,52.80909423342328,59.36783542320845,19.984637395025516,11.731440981736577
2002-04-26,52.581520267546686,60.82593539655243,20.072038388591928,12.983099342681989
2002-04-27,54.00587004966244,61.439207580180394,20.32616284062006,13.393461721207919
2002-04-28,53.366495782870174,61.305650134959286,21.094215137001573,14.248159997114149
2002-04-29,52.660177691571114,61.6277315959464,19.40467015289271,13.85665637635497
2002-04-30,51.90724031012219,61.84299276870674,20.171908810985627,14.281073805469331
2002-05-01,51.927065147790856,62.78898056946717,19.38931628154187,12.95684374981226
2002-05-02,52.32097423564611,62.36867376974052,18.649544498897264,11.649919148977725
2002-05-03,52.363303333972354,63.884772013648295,19.378257096646184,11.840864298982096
2002-05-04,51.66610270919773,63.92415044021834,17.354298320719867,11.71137780608249
2002-05-05,50.848078335901626,64.8752739891241,17.515723874587145,10.19848223232894
2002-05-06,50.613934567551645,64.38002346748105,16.67205543397664,9.054979622282325
2002-05-07,50.55439755042165,63.99113822666736,16.21901314071996,9.614411365002807
2002-05-08,50.450093502183115,66.07012652715528,16.7002322695871,11.2276527316297
2002-05-09,50.08170694212852,66.47067886376628,15.968554835718264,11.876150093818106
2002-05-10,48.74052280492526,67.72554810816413,16.93249947974132,12.187435035741462
2002-05-11,48.98007627058896,68.53988292822235,17.761731395092333,12.1016963549306
2002-05-12,49.96767662791228,69.47300318954262,17.044769272096495,13.130723198129306
2002-05-13,49.714974809334386,68.04025149965462,16.753433726807852,13.25442900940982
2002-05-14,50.937986383724436,67.86742104407253,14.754903087852288,14.671058589860053
2002-05-15,51.97749164035776,68.5494270061184,14.077444237555152,14.659176550264963
2002-05-16,51.17551425036238,68.08633296559107,13.356941170108508,15.002654928353516
2002-05-17,52.68041304536677,66.8416524734177,13.504764437639354,13.03419134702495
2002-05-18,52.30521166722029,65.80767374837625,13.035506136560855,11.63891835121901
2002-05-19,52.08232662521943,65.84318282036553,11.986286642345503,9.784861829322239
2002-05-20,52.639566353666304,66.90101736504194,12.567168019980915,9.645251086528386
2002-05-21,53.777617420490074,66.38490183141406,13.540873913978054,11.459136345788247
2002-05-22,53.41852905990113,63.383547824709204,13.338495888944058,13.019013955420412
2002-05-23,53.53604392815968,62.74517866595931,13.940801000049296,11.943622235917962
2002-05-24,54.48037548669687,62.086159498408776,13.30580165080449,11.312079277662725
2002-05-25,55.2601998575137,63.725162078722384,13.1185976503548,11.36166696926541
2002-05-26,54.535680203647,62.681217075851535,12.073638913733951,10.761672797094665
2002-05-27,54.91996285127806,63.93137802292789,11.262528278937607,11.395001050956195
2002-05-28,53.744994657263945,64.49230062353583,9.146205257075362,11.178938955440625
2002-05-29,54.749025600786204,63.79048218482896,9.057702725822764,11.955271684432828
2002-05-30,55.74268903636313,64.85383728115313,8.339976541640137,11.773108406277059
2002-05-31,56.22259225540662,65.44336511780655,6.713114662474164,12.036513088793894
2002-06-01,55.13101417408368,67.4441162423515,7.678469497984534,12.14485550300617
2002-06-02,55.467044287947886,68.046581106729,9.260098861137358,12.943635175228048
2002-06-03,56.333343347465735,67.82284560342245,10.107864244884658,15.241123578281435
2002-06-04,55.652371487831,66.91538949905751,6.9980733696925075,13.794721145720736
2002-06-05,54.942389055380126,66.5128034692937,6.390048418730577,13.66871611573806
2002-06-06,55.21661471707697,66.12416100722464,5.103359699134029,14.251337030964644
2002-06-07,54.70134111033878,64.7599336365535,4.8696767970129775,14.0658553753489
2002-06-08,55.00926693576106,63.103475739153,3.802378294314204,14.890460186301734
2002-06-09,55.15554556694467,63.254052329952266,4.714499204869827,13.780881445671902
2002-06-10,54.573972487974096,63.11018074952494,3.7433409982889585,12.418173100851119
2002-06-11,54.06122123829648,61.87334643407243,3.7215108640380876,13.881653019253879
2002-06-12,53.53943394934743,62.18228388178595,2.7539684805668467,13.97462067242132
2002-06-13,53.338462249442316,63.00125424683461,1.8075758502794914,12.420936794603
2002-06-14,52.332292783581394,64.53647706367896,2.686821668967184,12.60156611471716
2002-06-15,53.67704045554072,64.51174899356926,2.589575139467941,12.112897632316768
2002-06-16,52.89095239356134,64.99387817315679,1.9714166421048986,12.760314084681497
2002-06-17,53.93003929932664,64.30394261413586,1.1018240908517092,12.548262947422232
2002-06-18,53.338920026706035,64.85239133567256,2.1823046658398173,12.302100972925642
2002-06-19,52.01237544942716,64.97675119330673,-0.4861222175566171,11.581956864416812
2002-06-20,52.966745091644796,64.4829621064523,-2.1426276216987405,12.877659135461364
2002-06-21,53.43604635625856,67.07538164810686,-3.5772763162168535,13.03984806062304
2002-06-22,51.49083768016392,67.74969222680366,-5.400068168365112,14.162402760802944
2002-06-23,50.613583038486574,68.14525648244994,-6.334542231128504,14.293956485474814
2002-06-24,51.515523958594166,69.0415015556352,-6.683156772872874,15.59773819575542
2002-06-25,52.333235140217425,69.41142932112862,-6.7680827653566435,15.496980618778226
2002-06-26,53.1764845202541,69.92262796557789,-6.719615945930455,15.974641608280967
2002-06-27,53.32321259735082,71.142149563454,-5.9223901073426255,16.925557561376273
2002-06-28,54.11527180346173,70.65270887612407,-7.40598726425109,17.64986359801916
2002-06-29,54.211500085601266,72.85644407133198,-8.384213131766295,17.28760009176109
2002-06-30,54.623523392875825,72.789124349043,-8.023437695287866,19.390801317364005
2002-07-01,54.23027005752525,73.26064283097054,-8.404361893655437,19.78830684880972
2002-07-02,53.753825804880954,71.71105376113728,-7.317632263178352,19.415184539590218
2002-07-03,54.10426462679693,72.73675886689271,-6.190669493444817,18.53134125314177
2002-07-04,54.948509623457156,71.68898118213208,-6.290120437551159,16.912923852343862
2002-07-05,55.746915564440414,71.78441509571357,-5.962698452146195,16.151740363529754
2002-07-06,55.75487778597119,72.32383646292622,-6.653553279259564,13.597079240497782
2002-07-07,55.1780128541746,72.21496927690758,-5.6159750615717305,14.408825484067533
2002-07-08,55.34172860776112,71.16446972959628,-4.7587977163773125,14.507491914076986
2002-07-09,54.98962478634237,69.80225481822636,-5.756204464504311,14.432688044509906
2002-07-10,56.88835062848811,73.12799314326338,-3.4268278842840045,13.60450503813175
2002-07-11,56.853048396738934,72.95677485074754,-3.915689546636367,11.413010736512888
2002-07-12,58.47389612345749,72.15136934741103,-4.758182631354931,11.65697535898389
2002-07-13,58.37747337338019,71.74460522729972,-5.674740305208519,12.97049382216229
2002-07-14,59.0676832416624,73.43971286825922,-3.988176716795061,12.70027303048197
2002-07-15,58.398222349556384,72.87009069954793,-4.7390472828077055,13.884770746836292
2002-07-16,59.2966969130216,73.0748035720482,-3.1174257424187304,14.33767589350574
2002-07-17,59.81743459727671,72.92101453194262,-3.1627674916587107,14.418220852114006
2002-07-18,60.97588363521702,73.11709524141116,-1.4085246067498247,14.347172755955865
2002-07-19,61.023543010740426,73.32848918244632,0.6505903438815352,14.357149667360156
2002-07-20,61.73058939081806,72.11283643833852,0.7981392411655056,14.447210228289515
2002-07-21,61.68535751528331,72.67923793464466,0.07532131230564654,13.749817199954432
2002-07-22,63.02101516790073,71.4983556543297,-0.10372979773816426,14.638280579585766
2002-07-23,62.62175235695651,72.19277959534335,-0.1694474457539294,13.549707275455148
2002-07-24,63.37450985285822,72.24774413362219,-0.15815850762767383,11.241499288332918
2002-07-25,64.03614426476753,72.41010404276985,-0.433134345411897,12.72761768478094
2002-07-26,64.9363052523244,72.15583376131059,-0.561507377321973,12.11110881356903
2002-07-27,63.74503081096002,71.55467292145343,-0.5256687069709834,12.311194103552127
2002-07-28,66.05525794764843,71.16025332355292,-1.8228163778201618,14.342793542447364
2002-07-29,65.23105165437099,72.10526830684191,-1.2757144334339219,16.398835863510044
2002-07-30,66.07934150778122,71.93481286682092,-1.350314241600987,18.54178030299933
2002-07-31,65.3493363758026,71.09370772916117,0.10408517049730515,21.053777992564665
2002-08-01,64.75835867240929,72.2248763122925,-1.070276248188987,20.047826589515356
2002-08-02,63.03651125118149,71.61834231965476,0.13735129244630628,20.760512626603706
2002-08-03,61.741326786250944,71.4240779882586,-0.884436507055254,20.800754867788385
2002-08-04,61.956683946191994,70.84270588833913,-0.9483822023339522,22.964396893241368
2002-08-05,63.33142277824582,71.699282676036,-0.9660920951674329,22.962676618112944
2002-08-06,61.64141878185439,71.80556937240728,0.16667758403836108,22.021654473100217
2002-08-07,61.70544904011044,72.24627668734362,1.534928490504245,23.217261349672835
2002-08-08,62.03741934069918,71.4386747330978,3.1370991433444795,21.512970036050444
2002-08-09,63.756113366420514,71.51441154873552,3.157502213753633,22.006307809366707
2002-08-10,64.00715753103519,72.76324882229086,3.8034418073430736,23.80349083425664
2002-08-11,62.840149898836444,73.00136679253603,3.790886358950637,24.308349439194494
2002-08-12,62.51131360777342,73.6624922441681,4.616582813268951,23.466770986304017
2002-08-13,62.558874901723414,71.81278973948369,3.781326987705526,23.63374523564434
2002-08-14,63.25156877149252,71.11884322488176,3.600326477460517,21.587927518765
2002-08-15,62.38159675199539,71.53011032096158,4.3372983351405985,21.952739675568836
2002-08-16,63.36735087134999,69.82132512907596,4.395363615887146,22.291305822229557
2002-08-17,64.6154581171786,70.74896678322642,5.4206563762971385,23.589652245159133
2002-08-18,65.55985005912733,70.21474389027259,6.571205649819453,23.84900076567773
2002-08-19,65.09608088337542,70.15154724838649,7.738734104472879,22.230389216906655
2002-08-20,65.34963779426654,70.1482099664347,9.349273093564676,22.810435657967634
2002-08-21,64.24113650379772,69.2467624516461,10.861598505489107,24.14396218164562
2002-08-22,63.85265886990812,69.73058325289485,12.686016060654476,24.395283278953983
2002-08-23,63.407140695037064,69.34105125202561,12.076775168365593,24.49658692238685
2002-08-24,65.16771287227479,68.70458069910256,11.297407423514194,22.791543937047884
2002-08-25,63.66370870662773,70.26518648046994,12.981563400730103,23.037330986183072
2002-08-26,63.97675965687583,68.01461419639227,11.978384074255677,24.354599649389208
2002-08-27,62.87430725095079,68.58666872322102,11.007600344218417,24.647374824281666
2002-08-28,64.23997020049535,68.33777409765932,11.284395460438123,24.014341789845997
2002-08-29,63.50893145004327,67.27329316986123,10.965173008260551,24.67217115466777
2002-08-30,62.74747257471578,66.24147710476646,12.269576911649368,24.839417566947205
2002-08-31,63.72115051089357,68.11863847307329,12.478786707870439,24.706127793796096
2002-09-01,63.74425233816366,66.4057569393427,14.315631150832894,22.985285962733606
2002-09-02,64.8298885500099,64.38794198442272,14.074880500074254,23.145533273954374
2002-09-03,65.38775609479704,64.0995309395792,13.820890081775023,22.204134792484197
2002-09-04,65.8605626923582,61.608440102683296,13.997418765997429,20.446595615911633
2002-09-05,66.76500145223503,62.361458066429144,14.461443472585229,22.509345908512966
2002-09-06,66.41332170980581,61.88925864620021,13.652886516708328,21.96273755724555
2002-09-07,66.11684292875155,61.20523800028824,13.66589857447169,20.202609361215814
2002-09-08,65.91175459677497,60.67560240764864,13.939599965847012,19.00356488650765
2002-09-09,66.32307345218199,60.89364328931411,14.599572710703864,19.318736196596088
2002-09-10,65.10863854650874,60.447698351278724,15.193352279977752,19.901907955595142
2002-09-11,66.74055619851718,62.25989758771967,15.369705702759466,20.990658486570453
2002-09-12,64.88807526899441,62.81920056885028,12.950523131277158,21.270086254857105
2002-09-13,63.6328328281078,63.13323198795749,12.195325045357924,20.305683454844452
2002-09-14,63.46885230754502,62.28021720002835,12.515201908525821,20.909828867482368
2002-09-15,64.09678232373223,62.78440081856374,12.570225189445155,21.756883630326136
2002-09-16,63.07398147877075,63.35955078122475,11.327674801013995,22.57766138675387
2002-09-17,63.194368787271316,63.07089823514486,9.344619512504927,24.03940044124294
2002-09-18,61.793935654891314,62.82008105400383,9.182190102917474,24.05549153526518
2002-09-19,61.51950824282905,60.833702139805965,9.003851583854548,23.700237259851274
2002-09-20,62.54196334706797,60.25889977539104,8.278041815299783,23.107714271616615
2002-09-21,62.25875488045732,61.21940604738177,7.501992233928579,22.432089751156283
2002-09-22,61.35756892519928,62.524964438168816,6.3281681907223675,22.912705851951362
2002-09-23,60.493182105432496,62.780626930223676,6.762797889085139,22.1045595671223
2002-09-24,60.98598808156004,62.667503017773335,6.851504876529823,20.94564649598689
2002-09-25,61.43995906848854,62.431647372308284,7.388164812722322,23.479471884401782
2002-09-26,61.364196464637985,62.04478784167306,6.672330175997536,22.982207170102306
